{"cameraMode":{"drawMode":0,"name":"Shaded","section":"Shading Mode"},"sceneLighting":true,"audioPlay":false,"sceneViewState":{"m_AlwaysRefresh":false,"showFog":true,"showSkybox":true,"showFlares":true,"showImageEffects":true,"showParticleSystems":true,"showVisualEffectGraphs":true,"m_FxEnabled":true},"in2DMode":false,"pivot":{"x":438.08209228515627,"y":309.5708312988281,"z":9.4671630859375},"rotation":{"x":-0.07374212890863419,"y":0.0050835502333939079,"z":-0.00038238349952735007,"w":-0.9972757697105408},"size":285.3746032714844,"orthographic":false}